avg_waiting_time,avg_speed,avg_queue_length,max_queue_length,completed_trips,avg_throughput,total_reward,travel_time_index,buses_processed,jeepneys_processed,pt_passenger_throughput,pt_avg_waiting,pt_service_efficiency,episode,scenario
6.646135364894351,15.912121930705313,85.58,135,491,6546.666666666667,-346.12612627364206,2.5138067804026045,0,0,0.0,0.0,1.0,1,20250815_cycle_1
7.524582029474606,15.584439305890664,87.97333333333333,127,463,6173.333333333334,-379.83344393944054,2.566662759877454,0,0,0.0,0.0,1.0,2,20250819_cycle_3
6.278725331392053,15.051753554727997,85.45666666666666,129,516,6880.0,-321.64686569740854,2.657497669926662,0,0,0.0,0.0,1.0,3,20250701_cycle_1
7.015991003366514,16.103648871567835,85.34666666666666,119,511,6813.333333333334,-349.9027953488341,2.483909101534306,0,0,0.0,0.0,1.0,4,20250811_cycle_1
6.809850632207883,14.916580433819684,87.92333333333333,128,502,6693.333333333334,-364.21013589715125,2.681579747950128,0,0,0.0,0.0,1.0,5,20250703_cycle_3
6.018142675553101,15.963128558866705,74.51,107,508,6773.333333333334,-276.4461192501545,2.505774469740898,0,0,0.0,0.0,1.0,6,20250821_cycle_1
6.935974038685207,16.27195009772697,78.68333333333334,108,465,6200.0,-351.3415267739166,2.458217961569806,0,0,0.0,0.0,1.0,7,20250709_cycle_2
