avg_waiting_time,avg_speed,avg_queue_length,max_queue_length,completed_trips,avg_throughput,total_reward,travel_time_index,buses_processed,jeepneys_processed,pt_passenger_throughput,pt_avg_waiting,pt_service_efficiency,episode,scenario
7.053411596258496,15.424942974951419,91.59666666666666,140,494,3894.2391798829403,-247.31164377642162,2.5932024555913133,0,0,0.0,0.0,1.0,1,20250815_cycle_1
7.047109190380861,16.057048876018143,82.66666666666667,116,476,3812.254621473103,-235.12236647625016,2.491117783152646,0,0,0.0,0.0,1.0,2,20250819_cycle_3
7.696687635808345,14.784218014142722,105.29666666666667,162,517,4026.3776902436125,-308.19091544496746,2.70558780733182,0,0,0.0,0.0,1.0,3,20250701_cycle_1
7.825632687678938,15.670002063704482,96.83,141,510,4013.1038850117047,-290.3214034067881,2.552648036508539,0,0,0.0,0.0,1.0,4,20250811_cycle_1
8.00818880308138,14.929072574010146,101.43666666666667,155,505,4006.5101545806647,-318.531521610174,2.679335893217878,0,0,0.0,0.0,1.0,5,20250703_cycle_3
6.419554280368469,15.849576252868577,78.64333333333333,119,506,4056.8597466591373,-182.34662903592059,2.5237267774121404,0,0,0.0,0.0,1.0,6,20250821_cycle_1
7.576529606899005,15.755497972649634,86.22333333333333,120,460,3687.4450557473447,-304.8288446650875,2.5387963026898297,0,0,0.0,0.0,1.0,7,20250709_cycle_2
