total_waiting_time,total_vehicles,completed_trips,passenger_throughput,avg_speed,total_travel_time,total_fuel_consumption,queue_length_history,waiting_time_history,speed_history,throughput_history,avg_waiting_time,avg_queue_length,max_queue_length,avg_throughput,avg_passenger_throughput,travel_time_index,episode,scenario
0,0,432,246731.09999999983,14.1011748690515,0,0,[],[],[],[],12.357714490301916,106.41111111111111,171,5760.0,3289747.9999999977,2.8366430720457094,1,20250815_cycle_1
0,0,412,236752.8000000002,15.059959025784305,0,0,[],[],[],[],11.156539998609883,89.52222222222223,167,5493.333333333334,3156704.000000003,2.656049723077971,2,20250819_cycle_3
0,0,441,257811.29999999987,13.734694038223502,0,0,[],[],[],[],11.278592215012852,102.68888888888888,166,5880.0,3437483.9999999986,2.9123328039693086,3,20250701_cycle_1
0,0,438,243789.00000000015,15.028988554717174,0,0,[],[],[],[],10.492149368935108,95.14814814814815,165,5840.0,3250520.000000002,2.661523086159057,4,20250811_cycle_1
0,0,443,248077.2000000004,14.277163863869283,0,0,[],[],[],[],10.437876389898038,95.5962962962963,166,5906.666666666667,3307696.000000005,2.8016768863476167,5,20250703_cycle_3
0,0,440,229645.49999999994,15.0057031812448,0,0,[],[],[],[],10.45462874914092,81.97777777777777,163,5866.666666666667,3061939.9999999995,2.6656531531287957,6,20250821_cycle_1
0,0,413,236246.4999999999,15.41534589336359,0,0,[],[],[],[],9.407700162007108,86.18518518518519,158,5506.666666666667,3149953.333333332,2.594816897181676,7,20250709_cycle_2
