{
  "timestamp": "2025-10-06T17:30:42.119803",
  "sample_size": 7,
  "sample_size_adequate": false,
  "power_analysis": {
    "sample_size": 7,
    "power_estimate": "< 0.8 (inadequate)",
    "minimum_required": 17,
    "recommended": 25
  },
  "metrics_analysis": {
    "avg_waiting_time": {
      "test_used": "paired_t_test",
      "fixed_time_mean": 10.797885910557975,
      "fixed_time_std": 0.8507391816525831,
      "d3qn_mean": 7.3753019714965,
      "d3qn_std": 0.51712147873032,
      "test_statistic": 7.606533643114196,
      "p_value": 0.0002688805922886629,
      "effect_size_cohens_d": -4.5011267946050655,
      "effect_magnitude": "large",
      "confidence_interval_95": [
        -4.239072292248233,
        -2.6060955858747175
      ],
      "significant": true,
      "assumptions": {
        "normality": true,
        "equal_variance": true,
        "shapiro_p_group1": 0.5,
        "shapiro_p_group2": 0.5,
        "levene_p": 0.5
      },
      "corrected_p_value": 0.0018821641460206404,
      "significant_corrected": true
    },
    "avg_throughput": {
      "test_used": "paired_t_test",
      "fixed_time_mean": 5750.476190476191,
      "fixed_time_std": 164.03085822179784,
      "d3qn_mean": 3928.112904799787,
      "d3qn_std": 126.54355402691716,
      "test_statistic": 69.27863635795906,
      "p_value": 6.085320942971953e-10,
      "effect_size_cohens_d": -11.517275939190553,
      "effect_magnitude": "large",
      "confidence_interval_95": [
        -1870.0962387109935,
        -1774.6303326418147
      ],
      "significant": true,
      "assumptions": {
        "normality": true,
        "equal_variance": true,
        "shapiro_p_group1": 0.5,
        "shapiro_p_group2": 0.5,
        "levene_p": 0.5
      },
      "corrected_p_value": 4.259724660080367e-09,
      "significant_corrected": true
    },
    "avg_speed": {
      "test_used": "paired_t_test",
      "fixed_time_mean": 14.660432775179165,
      "fixed_time_std": 0.5733631023442,
      "d3qn_mean": 15.495765532620732,
      "d3qn_std": 0.442476301475328,
      "test_statistic": -6.835161147607593,
      "p_value": 0.00048179141624653916,
      "effect_size_cohens_d": 1.5101348576083382,
      "effect_magnitude": "large",
      "confidence_interval_95": [
        0.6135675398164195,
        1.0570979750667147
      ],
      "significant": true,
      "assumptions": {
        "normality": true,
        "equal_variance": true,
        "shapiro_p_group1": 0.5,
        "shapiro_p_group2": 0.5,
        "levene_p": 0.5
      },
      "corrected_p_value": 0.003372539913725774,
      "significant_corrected": true
    },
    "avg_queue_length": {
      "test_used": "paired_t_test",
      "fixed_time_mean": 93.93280423280423,
      "fixed_time_std": 8.097820869583794,
      "d3qn_mean": 91.81333333333335,
      "d3qn_std": 9.165005044205785,
      "test_statistic": 0.8067569631846638,
      "p_value": 0.4505931135389496,
      "effect_size_cohens_d": -0.22690490345386535,
      "effect_magnitude": "small",
      "confidence_interval_95": [
        -6.886715242376528,
        2.647773443434725
      ],
      "significant": false,
      "assumptions": {
        "normality": true,
        "equal_variance": true,
        "shapiro_p_group1": 0.5,
        "shapiro_p_group2": 0.5,
        "levene_p": 0.5
      },
      "corrected_p_value": 1.0,
      "significant_corrected": false
    },
    "completed_trips": {
      "test_used": "paired_t_test",
      "fixed_time_mean": 431.2857142857143,
      "fixed_time_std": 12.302314366634848,
      "d3qn_mean": 495.42857142857144,
      "d3qn_std": 18.957525025752723,
      "test_statistic": -18.427864432296342,
      "p_value": 1.64620020430536e-06,
      "effect_size_cohens_d": 3.716141342399778,
      "effect_magnitude": "large",
      "confidence_interval_95": [
        57.82665575278098,
        70.4590585329333
      ],
      "significant": true,
      "assumptions": {
        "normality": true,
        "equal_variance": true,
        "shapiro_p_group1": 0.5,
        "shapiro_p_group2": 0.5,
        "levene_p": 0.5
      },
      "corrected_p_value": 1.152340143013752e-05,
      "significant_corrected": true
    },
    "travel_time_index": {
      "test_used": "paired_t_test",
      "fixed_time_mean": 2.7326708031300195,
      "fixed_time_std": 0.1084161025899165,
      "d3qn_mean": 2.583487865129167,
      "d3qn_std": 0.07487290571773995,
      "test_statistic": 6.303724055155504,
      "p_value": 0.0007432240691399064,
      "effect_size_cohens_d": -1.4824698072123748,
      "effect_magnitude": "large",
      "confidence_interval_95": [
        -0.19212715005998487,
        -0.1062387259417204
      ],
      "significant": true,
      "assumptions": {
        "normality": true,
        "equal_variance": true,
        "shapiro_p_group1": 0.5,
        "shapiro_p_group2": 0.5,
        "levene_p": 0.5
      },
      "corrected_p_value": 0.005202568483979345,
      "significant_corrected": true
    },
    "max_queue_length": {
      "test_used": "paired_t_test",
      "fixed_time_mean": 165.14285714285714,
      "fixed_time_std": 3.681171064778607,
      "d3qn_mean": 136.14285714285714,
      "d3qn_std": 16.999399749306875,
      "test_statistic": 4.46973229481703,
      "p_value": 0.00423864456567903,
      "effect_size_cohens_d": -2.1830060422417783,
      "effect_magnitude": "large",
      "confidence_interval_95": [
        -40.77332578331204,
        -17.22667421668796
      ],
      "significant": true,
      "assumptions": {
        "normality": true,
        "equal_variance": true,
        "shapiro_p_group1": 0.5,
        "shapiro_p_group2": 0.5,
        "levene_p": 0.5
      },
      "corrected_p_value": 0.02967051195975321,
      "significant_corrected": true
    }
  }
}