avg_waiting_time,avg_speed,avg_queue_length,max_queue_length,completed_trips,avg_throughput,total_reward,travel_time_index,buses_processed,jeepneys_processed,pt_passenger_throughput,pt_avg_waiting,pt_service_efficiency,episode,scenario
7.9474351923993085,15.173401219540407,100.07666666666667,143,493,6573.333333333334,-425.94671651834034,2.636192071985003,0,0,0.0,0.0,1.0,1,20250815_cycle_1
6.694835788021654,16.192395481810077,78.46,116,472,6293.333333333334,-342.6432203316028,2.4702953954487143,0,0,0.0,0.0,1.0,2,20250819_cycle_3
7.218261022113887,14.945398154080246,100.39333333333333,152,518,6906.666666666667,-393.66699683907234,2.67640912524499,0,0,0.0,0.0,1.0,3,20250701_cycle_1
6.671511003804165,15.645133367211352,81.71,119,515,6866.666666666667,-334.7827010338859,2.556705594075083,0,0,0.0,0.0,1.0,4,20250811_cycle_1
7.084068294212394,15.552321280801273,93.14666666666666,132,504,6720.0,-380.27027140288624,2.5719633280324796,0,0,0.0,0.0,1.0,5,20250703_cycle_3
5.789766550024079,16.178359803876393,71.49333333333334,107,512,6826.666666666667,-244.34493936987434,2.472438521883773,0,0,0.0,0.0,1.0,6,20250821_cycle_1
7.226451642014806,15.875374521014086,84.81333333333333,121,462,6160.0,-374.2631508570388,2.5196255966781993,0,0,0.0,0.0,1.0,7,20250709_cycle_2
