avg_waiting_time,avg_speed,avg_queue_length,max_queue_length,completed_trips,avg_throughput,total_reward,travel_time_index,buses_processed,jeepneys_processed,pt_passenger_throughput,pt_avg_waiting,pt_service_efficiency,episode,scenario
7.12884485626981,15.84626100316087,95.08333333333333,150,498,6640.0,-359.6986064912679,2.524254774802785,0,0,0.0,0.0,1.0,1,20250815_cycle_1
7.406564871402143,15.416430645924041,84.26333333333334,123,465,6200.0,-386.67666338170386,2.594634317028217,0,0,0.0,0.0,1.0,2,20250819_cycle_3
7.796356082887353,13.941825730091683,94.07666666666667,128,480,6400.0,-422.1333640819785,2.8690646960006836,0,0,0.0,0.0,1.0,3,20250701_cycle_1
6.370134403402984,15.795156454909835,79.71333333333334,116,499,6653.333333333334,-317.41102178739374,2.532421892381207,0,0,0.0,0.0,1.0,4,20250811_cycle_1
6.473509387048108,15.49612388977141,84.32666666666667,133,505,6733.333333333334,-334.87523509161593,2.5812906688493222,0,0,0.0,0.0,1.0,5,20250703_cycle_3
6.577296473713105,15.701254662110609,82.25,117,512,6826.666666666667,-317.11345411949856,2.5475671123611394,0,0,0.0,0.0,1.0,6,20250821_cycle_1
5.85806748152217,16.547798652579324,69.7,103,467,6226.666666666667,-231.3563811016976,2.417239950751102,0,0,0.0,0.0,1.0,7,20250709_cycle_2
