IntersectionID,Day,CycleNum,CycleTime_s,TotalVehicles,TotalPassengerThroughput,car_count,car_passenger_equivalent,car_passenger_throughput,motor_count,motor_passenger_equivalent,motor_passenger_throughput,jeepney_count,jeepney_passenger_equivalent,jeepney_passenger_throughput,bus_count,bus_passenger_equivalent,bus_passenger_throughput,truck_count,truck_passenger_equivalent,truck_passenger_throughput
ECOLAND,20250828,1,55,329,32116.818181818184,188,282.0,10854.545454545454,101,121.19999999999999,4639.090909090909,31,310.0,13490.909090909092,3,90.0,2863.636363636364,6,6.0,268.6363636363636
JOHNPAUL,20250828,1,56,252,37882.880066018704,133,199.5,10603.085457546304,81,97.19999999999999,5274.476434989914,22,220.0,12503.392627911242,4,120.0,8842.105263157895,12,12.0,659.8202824133505
SANDAWA,20250828,1,300,345,21016.8,102,153.0,1836.0,102,122.39999999999999,1468.8000000000002,129,1290.0,15480.0,6,180.0,2160.0,6,6.0,72.0
