{
  "experiment_id": "final_thesis_validation",
  "session_id": "272f4ae3-8fa9-40cf-bede-20df62d6ad44",
  "timestamp": "2025-09-21T15:45:03.942057",
  "total_episodes": 50,
  "performance_metrics": {
    "avg_reward": 1.0277685147041244,
    "best_reward": 1.2066676599298778,
    "reward_improvement": -8.483312611899303,
    "avg_passenger_throughput": 6467.2363636363625,
    "avg_vehicles_served": 395.22,
    "avg_pt_throughput": 0.0
  },
  "learning_metrics": {
    "convergence_episode": 25,
    "stability_score": 0.8999096169392425,
    "exploration_rate": 1.6399775019714773
  },
  "config": {
    "log_interval": 30,
    "buffer_size": 100,
    "total_steps": 14950
  }
}