{
  "experiment_id": "lstm_agent_test",
  "session_id": "e782284e-175d-4a92-9887-7c8f02c4f89a",
  "timestamp": "2025-10-05T02:49:18.540257",
  "total_episodes": 10,
  "performance_metrics": {
    "avg_reward": -0.3313501728171455,
    "best_reward": 0.05758351229414,
    "reward_improvement": -8.09575404508768,
    "avg_passenger_throughput": 7895.454545454546,
    "avg_vehicles_served": 482.5,
    "avg_pt_throughput": 0.0
  },
  "learning_metrics": {
    "convergence_episode": -1,
    "stability_score": 0.2996983317065802,
    "exploration_rate": 1.5490496531061042
  },
  "config": {
    "log_interval": 30,
    "buffer_size": 100,
    "total_steps": 2990
  }
}