{
  "experiment_id": "lstm_comparison_test",
  "session_id": "b38a530e-d059-43fe-a93f-08e7d813f36c",
  "timestamp": "2025-10-05T03:49:25.125679",
  "total_episodes": 15,
  "performance_metrics": {
    "avg_reward": -0.20914540418164698,
    "best_reward": 0.41275795793518477,
    "reward_improvement": 10.480527604859683,
    "avg_passenger_throughput": 7881.818181818183,
    "avg_vehicles_served": 481.6666666666667,
    "avg_pt_throughput": 0.0
  },
  "learning_metrics": {
    "convergence_episode": -1,
    "stability_score": 0.0,
    "exploration_rate": 1.506708883497797
  },
  "config": {
    "log_interval": 30,
    "buffer_size": 100,
    "total_steps": 4485
  }
}