avg_waiting_time,avg_speed,avg_queue_length,max_queue_length,completed_trips,avg_throughput,total_reward,travel_time_index,buses_processed,jeepneys_processed,pt_passenger_throughput,pt_avg_waiting,pt_service_efficiency,episode,scenario
7.784367112196401,15.692652810651158,99.05333333333333,160,504,6720.0,-415.1500470985172,2.5489635489068228,0,0,0.0,0.0,1.0,1,20250815_cycle_1
7.2377757027784355,14.48216691399693,84.49,116,427,5693.333333333334,-396.8788690139224,2.762017606725706,0,0,0.0,0.0,1.0,2,20250819_cycle_3
7.429098480351472,15.020885259365784,101.64,168,509,6786.666666666667,-407.33100605485834,2.662958894187631,0,0,0.0,0.0,1.0,3,20250701_cycle_1
6.986086594595538,15.747242517917021,88.00666666666666,127,501,6680.0,-368.12609544880115,2.540127260660937,0,0,0.0,0.0,1.0,4,20250811_cycle_1
6.907258611013532,15.106666397858232,87.41666666666667,119,493,6573.333333333334,-365.8154247125949,2.6478376464096045,0,0,0.0,0.0,1.0,5,20250703_cycle_3
6.562595214665838,15.92288106160399,80.7,112,515,6866.666666666667,-317.8218261902711,2.5121081948200272,0,0,0.0,0.0,1.0,6,20250821_cycle_1
6.527974268426944,15.879877670289343,73.76,110,459,6120.0,-315.9195939251341,2.5189110917925084,0,0,0.0,0.0,1.0,7,20250709_cycle_2
