avg_waiting_time,avg_speed,avg_queue_length,max_queue_length,completed_trips,avg_throughput,total_reward,travel_time_index,buses_processed,jeepneys_processed,pt_passenger_throughput,pt_avg_waiting,pt_service_efficiency,episode,scenario
8.36263542376638,14.900041705984671,105.15,161,494,6586.666666666667,-450.0683593017947,2.6845562441569415,0,0,0.0,0.0,1.0,1,20250815_cycle_1
6.027504646946989,16.01363120093043,71.54,110,471,6280.0,-276.43351420541836,2.4978719378572865,0,0,0.0,0.0,1.0,2,20250819_cycle_3
7.585457130513643,14.425313448054212,103.99666666666667,157,503,6706.666666666667,-420.43793776414094,2.772903351046107,0,0,0.0,0.0,1.0,3,20250701_cycle_1
6.837171182214171,15.83356329943236,87.82,121,507,6760.0,-345.4021156683659,2.5262790973547955,0,0,0.0,0.0,1.0,4,20250811_cycle_1
8.14244630316865,14.514455983559685,96.23,128,511,6813.333333333334,-424.6621355557808,2.7558731822472313,0,0,0.0,0.0,1.0,5,20250703_cycle_3
6.852300958681974,15.841454721031617,83.49666666666667,122,504,6720.0,-345.1273998594281,2.5250206312741423,0,0,0.0,0.0,1.0,6,20250821_cycle_1
7.28979771121032,15.8468946347621,82.19,116,463,6173.333333333334,-371.8932826063562,2.5241538435079334,0,0,0.0,0.0,1.0,7,20250709_cycle_2
