avg_waiting_time,avg_speed,avg_queue_length,max_queue_length,completed_trips,avg_throughput,total_reward,travel_time_index,buses_processed,jeepneys_processed,pt_passenger_throughput,pt_avg_waiting,pt_service_efficiency,episode,scenario
7.799426458942283,15.116335744917984,97.97333333333333,142,491,6546.666666666667,-418.1621325706602,2.646143925021495,0,0,0.0,0.0,1.0,1,20250815_cycle_1
7.104696798553156,16.197316495913256,80.92,125,477,6360.0,-348.0033256080561,2.469544878628037,0,0,0.0,0.0,1.0,2,20250819_cycle_3
7.727235478018726,14.96984756889659,104.18666666666667,169,510,6800.0,-412.43072076617705,2.67203789590413,0,0,0.0,0.0,1.0,3,20250701_cycle_1
7.491708337892571,15.863504864636067,89.6,135,511,6813.333333333334,-389.7286035852261,2.5215108729956985,0,0,0.0,0.0,1.0,4,20250811_cycle_1
7.123023019251605,15.118815739541997,92.98,138,505,6733.333333333334,-370.6213892879501,2.645709868358495,0,0,0.0,0.0,1.0,5,20250703_cycle_3
6.398808968434994,15.54482704498804,77.56,115,511,6813.333333333334,-293.6059868590387,2.5732032839115306,0,0,0.0,0.0,1.0,6,20250821_cycle_1
6.152214008494989,16.420134051886706,72.88,108,457,6093.333333333334,-277.57595113299215,2.4360337055472407,0,0,0.0,0.0,1.0,7,20250709_cycle_2
