avg_waiting_time,avg_speed,avg_queue_length,max_queue_length,completed_trips,avg_throughput,total_reward,travel_time_index,buses_processed,jeepneys_processed,pt_passenger_throughput,pt_avg_waiting,pt_service_efficiency,episode,scenario
6.897382386960309,15.151798427295095,88.36,126,484,6453.333333333334,-332.7176556305971,2.639950642950892,0,0,0.0,0.0,1.0,1,20250815_cycle_1
7.781924945436085,15.86515300942018,92.78666666666666,130,477,6360.0,-370.77696537609023,2.521248926893386,0,0,0.0,0.0,1.0,2,20250819_cycle_3
7.01815115850224,14.969671846789419,98.07,141,511,6813.333333333334,-353.1883867869138,2.6720692617306034,0,0,0.0,0.0,1.0,3,20250701_cycle_1
5.966110652227706,16.685483072018776,74.65666666666667,118,515,6866.666666666667,-262.57999976254723,2.397293493233001,0,0,0.0,0.0,1.0,4,20250811_cycle_1
7.610821345815543,14.905468010301274,99.31333333333333,149,504,6720.0,-379.49442251344203,2.683578937095817,0,0,0.0,0.0,1.0,5,20250703_cycle_3
6.699239657471209,16.32359029287919,83.75,114,522,6960.0,-312.7619918938141,2.450441311152555,0,0,0.0,0.0,1.0,6,20250821_cycle_1
6.442230202191178,16.055608992569248,73.58333333333333,109,465,6200.0,-299.2853981082692,2.4913411891453348,0,0,0.0,0.0,1.0,7,20250709_cycle_2
