{
  "timestamp": "2025-10-11T08:54:21.679261",
  "sample_size": 7,
  "sample_size_adequate": false,
  "power_analysis": {
    "sample_size": 7,
    "power_estimate": "< 0.8 (inadequate)",
    "minimum_required": 17,
    "recommended": 25
  },
  "metrics_analysis": {
    "avg_waiting_time": {
      "test_used": "paired_t_test",
      "fixed_time_mean": 10.797885910557975,
      "fixed_time_std": 0.8507391816525831,
      "d3qn_mean": 6.916551478372038,
      "d3qn_std": 0.5876241145432992,
      "test_statistic": 10.951467212287945,
      "p_value": 3.4417897497141865e-05,
      "effect_size_cohens_d": -4.914980274164933,
      "effect_magnitude": "large",
      "confidence_interval_95": [
        -4.524453571269068,
        -3.2382152931028045
      ],
      "significant": true,
      "assumptions": {
        "normality": true,
        "equal_variance": true,
        "shapiro_p_group1": 0.5,
        "shapiro_p_group2": 0.5,
        "levene_p": 0.5
      },
      "corrected_p_value": 0.00024092528247999305,
      "significant_corrected": true
    },
    "avg_throughput": {
      "test_used": "paired_t_test",
      "fixed_time_mean": 5750.476190476191,
      "fixed_time_std": 164.03085822179784,
      "d3qn_mean": 6624.7619047619055,
      "d3qn_std": 266.0400801816121,
      "test_statistic": -14.933905194128307,
      "p_value": 5.675294136711648e-06,
      "effect_size_cohens_d": 3.662557888168621,
      "effect_magnitude": "large",
      "confidence_interval_95": [
        768.0519259800261,
        980.5195025914026
      ],
      "significant": true,
      "assumptions": {
        "normality": true,
        "equal_variance": true,
        "shapiro_p_group1": 0.5,
        "shapiro_p_group2": 0.5,
        "levene_p": 0.5
      },
      "corrected_p_value": 3.972705895698154e-05,
      "significant_corrected": true
    },
    "avg_speed": {
      "test_used": "paired_t_test",
      "fixed_time_mean": 14.660432775179165,
      "fixed_time_std": 0.5733631023442,
      "d3qn_mean": 15.708110521610454,
      "d3qn_std": 0.6523035889547295,
      "test_statistic": -7.240259569312829,
      "p_value": 0.00035242665503530505,
      "effect_size_cohens_d": 1.5794760289267453,
      "effect_magnitude": "large",
      "confidence_interval_95": [
        0.7851010019607578,
        1.3102544909018214
      ],
      "significant": true,
      "assumptions": {
        "normality": true,
        "equal_variance": true,
        "shapiro_p_group1": 0.5,
        "shapiro_p_group2": 0.5,
        "levene_p": 0.5
      },
      "corrected_p_value": 0.0024669865852471355,
      "significant_corrected": true
    },
    "avg_queue_length": {
      "test_used": "paired_t_test",
      "fixed_time_mean": 93.93280423280423,
      "fixed_time_std": 8.097820869583794,
      "d3qn_mean": 87.21714285714287,
      "d3qn_std": 9.651761156599155,
      "test_statistic": 1.72334459841386,
      "p_value": 0.13559634365479917,
      "effect_size_cohens_d": -0.6979097216265299,
      "effect_magnitude": "medium",
      "confidence_interval_95": [
        -13.786962617171005,
        0.3556398658482465
      ],
      "significant": false,
      "assumptions": {
        "normality": true,
        "equal_variance": true,
        "shapiro_p_group1": 0.5,
        "shapiro_p_group2": 0.5,
        "levene_p": 0.5
      },
      "corrected_p_value": 0.9491744055835942,
      "significant_corrected": false
    },
    "completed_trips": {
      "test_used": "paired_t_test",
      "fixed_time_mean": 431.2857142857143,
      "fixed_time_std": 12.302314366634848,
      "d3qn_mean": 496.85714285714283,
      "d3qn_std": 19.9530060136209,
      "test_statistic": -14.933905194128307,
      "p_value": 5.675294136711648e-06,
      "effect_size_cohens_d": 3.6625578881686183,
      "effect_magnitude": "large",
      "confidence_interval_95": [
        57.603894448501954,
        73.53896269435518
      ],
      "significant": true,
      "assumptions": {
        "normality": true,
        "equal_variance": true,
        "shapiro_p_group1": 0.5,
        "shapiro_p_group2": 0.5,
        "levene_p": 0.5
      },
      "corrected_p_value": 3.972705895698154e-05,
      "significant_corrected": true
    },
    "travel_time_index": {
      "test_used": "paired_t_test",
      "fixed_time_mean": 2.7326708031300195,
      "fixed_time_std": 0.1084161025899165,
      "d3qn_mean": 2.550846251743084,
      "d3qn_std": 0.10578214290158547,
      "test_statistic": 7.613832562891494,
      "p_value": 0.00026746444872358284,
      "effect_size_cohens_d": -1.57166645398184,
      "effect_magnitude": "large",
      "confidence_interval_95": [
        -0.22515886073964247,
        -0.1384902420342276
      ],
      "significant": true,
      "assumptions": {
        "normality": true,
        "equal_variance": true,
        "shapiro_p_group1": 0.5,
        "shapiro_p_group2": 0.5,
        "levene_p": 0.5
      },
      "corrected_p_value": 0.0018722511410650799,
      "significant_corrected": true
    },
    "max_queue_length": {
      "test_used": "paired_t_test",
      "fixed_time_mean": 165.14285714285714,
      "fixed_time_std": 3.681171064778607,
      "d3qn_mean": 126.71428571428571,
      "d3qn_std": 13.434649080581424,
      "test_statistic": 7.948521069633779,
      "p_value": 0.00021088154837449398,
      "effect_size_cohens_d": -3.6120129316094745,
      "effect_magnitude": "large",
      "confidence_interval_95": [
        -47.201621069374795,
        -29.655521787768066
      ],
      "significant": true,
      "assumptions": {
        "normality": true,
        "equal_variance": true,
        "shapiro_p_group1": 0.5,
        "shapiro_p_group2": 0.5,
        "levene_p": 0.5
      },
      "corrected_p_value": 0.0014761708386214578,
      "significant_corrected": true
    }
  }
}