avg_waiting_time,avg_speed,avg_queue_length,max_queue_length,completed_trips,avg_throughput,total_reward,travel_time_index,buses_processed,jeepneys_processed,pt_passenger_throughput,pt_avg_waiting,pt_service_efficiency,episode,scenario
7.08334622453897,15.244314264055799,91.61666666666666,148,487,6493.333333333334,-387.9573539981631,2.6239291126603863,0,0,0.0,0.0,1.0,1,20250815_cycle_1
5.972549393659845,16.486885096305794,73.94666666666667,113,478,6373.333333333334,-274.26218996388667,2.426170848304315,0,0,0.0,0.0,1.0,2,20250819_cycle_3
7.566972340249908,14.653900556250216,100.39666666666666,143,508,6773.333333333334,-406.09862211623624,2.7296486588302327,0,0,0.0,0.0,1.0,3,20250701_cycle_1
7.489474939952337,15.85779155344906,92.26333333333334,131,505,6733.333333333334,-386.4106213138205,2.5224193334348644,0,0,0.0,0.0,1.0,4,20250811_cycle_1
7.178272195734312,15.143163516532141,95.26,137,514,6853.333333333334,-397.55247294342166,2.6414559914334332,0,0,0.0,0.0,1.0,5,20250703_cycle_3
5.637826505376824,16.20143218747006,70.97,98,518,6906.666666666667,-239.35348130273553,2.468917533780463,0,0,0.0,0.0,1.0,6,20250821_cycle_1
6.928784161740426,15.996404899920886,79.51,114,469,6253.333333333334,-353.1863626932888,2.5005618606339373,0,0,0.0,0.0,1.0,7,20250709_cycle_2
