avg_waiting_time,avg_speed,avg_queue_length,max_queue_length,completed_trips,avg_throughput,total_reward,travel_time_index,buses_processed,jeepneys_processed,pt_passenger_throughput,pt_avg_waiting,pt_service_efficiency,episode,scenario
6.678705736583108,16.060963451902634,89.89333333333333,138,505,6733.333333333334,-341.52196109942855,2.4905106172358216,0,0,0.0,0.0,1.0,1,20250815_cycle_1
7.105812377827447,15.193270543875435,83.53666666666666,130,456,6080.0,-361.1683077200996,2.632744535449901,0,0,0.0,0.0,1.0,2,20250819_cycle_3
6.934680127090957,14.934471806667895,95.47,135,528,7040.0,-377.5699947309066,2.67836723774462,0,0,0.0,0.0,1.0,3,20250701_cycle_1
6.8808195890105255,16.30612307470039,86.68,125,503,6706.666666666667,-346.8119385917821,2.4530662387837374,0,0,0.0,0.0,1.0,4,20250811_cycle_1
7.595815816812203,14.680873301824409,94.51666666666667,132,508,6773.333333333334,-413.07463757491104,2.7246335539881783,0,0,0.0,0.0,1.0,5,20250703_cycle_3
6.636954302489782,15.706695384877694,82.51666666666667,123,511,6813.333333333334,-326.3978219047213,2.54668464752374,0,0,0.0,0.0,1.0,6,20250821_cycle_1
7.204854239161911,15.945294544533287,83.95,114,461,6146.666666666667,-359.6506167341441,2.508577053141591,0,0,0.0,0.0,1.0,7,20250709_cycle_2
