avg_waiting_time,avg_speed,avg_queue_length,max_queue_length,completed_trips,avg_throughput,total_reward,travel_time_index,buses_processed,jeepneys_processed,pt_passenger_throughput,pt_avg_waiting,pt_service_efficiency,episode,scenario
7.919913390069308,15.37789380684521,101.26333333333334,148,486,6480.0,-416.9680848059504,2.601136443158079,0,0,0.0,0.0,1.0,1,20250815_cycle_1
6.815633079587534,16.046235524096502,79.09,125,476,6346.666666666667,-339.1333599941784,2.49279651541524,0,0,0.0,0.0,1.0,2,20250819_cycle_3
7.5361441453538704,15.002598981739045,100.36333333333333,152,515,6866.666666666667,-415.10579118015704,2.6662047055105216,0,0,0.0,0.0,1.0,3,20250701_cycle_1
7.675968463925986,15.85056804641756,93.14666666666666,133,503,6706.666666666667,-393.05020222501605,2.5235688640850027,0,0,0.0,0.0,1.0,4,20250811_cycle_1
7.714874488455331,14.901718365778066,96.08666666666667,138,499,6653.333333333334,-411.43330757122885,2.6842541925809287,0,0,0.0,0.0,1.0,5,20250703_cycle_3
6.987856247005848,15.849200118921644,88.06333333333333,126,505,6733.333333333334,-348.5310672852198,2.5237866706122163,0,0,0.0,0.0,1.0,6,20250821_cycle_1
7.425128092061615,16.009835332534184,87.35333333333334,129,458,6106.666666666667,-369.7210787435805,2.4984641733768806,0,0,0.0,0.0,1.0,7,20250709_cycle_2
