{
  "experiment_id": "environment_validation_test",
  "session_id": "261785df-35f3-464f-9e68-a1c112631bcf",
  "timestamp": "2025-09-26T11:02:24.223793",
  "total_episodes": 3,
  "performance_metrics": {
    "avg_reward": 1.0441479032437695,
    "best_reward": 1.1058048045049207,
    "reward_improvement": 0.0,
    "avg_passenger_throughput": 6649.090909090909,
    "avg_vehicles_served": 406.3333333333333,
    "avg_pt_throughput": 0.0
  },
  "learning_metrics": {
    "convergence_episode": -1,
    "stability_score": 0.0,
    "exploration_rate": 2.2887285016797243
  },
  "config": {
    "log_interval": 30,
    "buffer_size": 100,
    "total_steps": 897
  }
}