{
  "experiment_id": "initializer",
  "session_id": "23d81bb1-68e5-4e75-b94e-56c678540284",
  "timestamp": "2025-09-23T05:37:15.565258",
  "total_episodes": 10,
  "performance_metrics": {
    "avg_reward": 1.0679984198356176,
    "best_reward": 1.244832215396884,
    "reward_improvement": -3.100396631314773,
    "avg_passenger_throughput": 6856.363636363638,
    "avg_vehicles_served": 419.0,
    "avg_pt_throughput": 0.0
  },
  "learning_metrics": {
    "convergence_episode": -1,
    "stability_score": 0.9285710246952275,
    "exploration_rate": 2.1759299901496263
  },
  "config": {
    "log_interval": 30,
    "buffer_size": 100,
    "total_steps": 2990
  }
}