avg_waiting_time,avg_speed,avg_queue_length,max_queue_length,completed_trips,avg_throughput,total_reward,travel_time_index,buses_processed,jeepneys_processed,pt_passenger_throughput,pt_avg_waiting,pt_service_efficiency,episode,scenario
7.628125463021989,15.172139673711724,98.41666666666667,138,498,6640.0,-409.4789228243997,2.6364112683003245,0,0,0.0,0.0,1.0,1,20250815_cycle_1
6.753972485614167,15.31510087163475,79.76666666666667,117,462,6160.0,-354.3415799000496,2.611801276091129,0,0,0.0,0.0,1.0,2,20250819_cycle_3
7.151559891466019,15.12057920501297,98.64333333333333,147,508,6773.333333333334,-381.2136046652138,2.645401307559613,0,0,0.0,0.0,1.0,3,20250701_cycle_1
6.705924785850824,15.774387475192917,83.78,125,496,6613.333333333334,-354.1244143117221,2.535756146658925,0,0,0.0,0.0,1.0,4,20250811_cycle_1
7.449260886511357,14.736354760643327,97.93666666666667,158,504,6720.0,-406.2152380656595,2.7143754781765157,0,0,0.0,0.0,1.0,5,20250703_cycle_3
6.408289518741888,16.332035998640773,82.40666666666667,127,503,6706.666666666667,-298.06245432811767,2.449174126442593,0,0,0.0,0.0,1.0,6,20250821_cycle_1
6.96996363309289,16.071930264847197,81.18333333333334,113,465,6200.0,-362.75164696948684,2.488811196965475,0,0,0.0,0.0,1.0,7,20250709_cycle_2
