avg_waiting_time,avg_speed,avg_queue_length,max_queue_length,completed_trips,avg_throughput,total_reward,travel_time_index,buses_processed,jeepneys_processed,pt_passenger_throughput,pt_avg_waiting,pt_service_efficiency,episode,scenario
6.99863111622677,15.051715798980128,92.02333333333333,147,494,6586.666666666667,-386.57631337715827,2.657504335998047,0,0,0.0,0.0,1.0,1,20250815_cycle_1
6.73376386319145,16.01594132184692,78.29,120,474,6320.0,-342.98419398440257,2.4975116476879857,0,0,0.0,0.0,1.0,2,20250819_cycle_3
6.5509382566720875,15.505821112118538,92.98333333333333,146,524,6986.666666666667,-352.8596615766875,2.5796763493381265,0,0,0.0,0.0,1.0,3,20250701_cycle_1
7.051795954552824,15.572911632704999,85.61666666666666,125,503,6706.666666666667,-378.4708404817122,2.5685627032002905,0,0,0.0,0.0,1.0,4,20250811_cycle_1
7.70185931935113,14.86331799084391,98.78,140,508,6773.333333333334,-417.8084003628464,2.691189142601993,0,0,0.0,0.0,1.0,5,20250703_cycle_3
6.543069842717818,15.785347269959003,81.99,126,511,6813.333333333334,-299.42265613601705,2.5339955666432346,0,0,0.0,0.0,1.0,6,20250821_cycle_1
6.32502401341914,16.152465286401625,72.56,99,464,6186.666666666667,-300.1616392623874,2.4764021646698753,0,0,0.0,0.0,1.0,7,20250709_cycle_2
