avg_waiting_time,avg_speed,avg_queue_length,max_queue_length,completed_trips,avg_throughput,total_reward,travel_time_index,buses_processed,jeepneys_processed,pt_passenger_throughput,pt_avg_waiting,pt_service_efficiency,episode,scenario
7.526487148525906,15.135439960541543,96.31,142,495,6600.0,-414.2567980139421,2.6428039161253962,0,0,0.0,0.0,1.0,1,20250815_cycle_1
7.265417189158164,16.201748819732106,86.28333333333333,128,477,6360.0,-360.7689948166156,2.4688692834988286,0,0,0.0,0.0,1.0,2,20250819_cycle_3
7.2870543910833625,14.94796363492783,98.64333333333333,164,511,6813.333333333334,-402.1419339319139,2.675949779977714,0,0,0.0,0.0,1.0,3,20250701_cycle_1
7.307644496814164,15.707769224680815,90.42666666666666,134,497,6626.666666666667,-377.7674974466632,2.5465105469686966,0,0,0.0,0.0,1.0,4,20250811_cycle_1
6.316451965369665,15.569144679731735,81.67666666666666,120,505,6733.333333333334,-324.7307114500971,2.5691841666853352,0,0,0.0,0.0,1.0,5,20250703_cycle_3
6.817709335246234,15.906939837897738,82.52666666666667,120,498,6640.0,-331.56279042277475,2.514625717304932,0,0,0.0,0.0,1.0,6,20250821_cycle_1
6.76225572071232,16.301119506910204,79.26,111,460,6133.333333333334,-327.5099217098755,2.4538191983098834,0,0,0.0,0.0,1.0,7,20250709_cycle_2
