avg_waiting_time,avg_speed,avg_queue_length,max_queue_length,completed_trips,avg_throughput,total_reward,travel_time_index,buses_processed,jeepneys_processed,pt_passenger_throughput,pt_avg_waiting,pt_service_efficiency,episode,scenario
7.379927798093639,15.191349057744356,92.76666666666667,141,489,6520.0,-384.9349277460715,2.6330775395887906,0,0,0.0,0.0,1.0,1,20250815_cycle_1
7.185957346680675,15.568640153458944,82.12666666666667,119,474,6320.0,-383.37399162155407,2.5692674251394427,0,0,0.0,0.0,1.0,2,20250819_cycle_3
7.0915723204397105,14.978403688546305,97.53666666666666,149,524,6986.666666666667,-382.58747717206194,2.6705115466067473,0,0,0.0,0.0,1.0,3,20250701_cycle_1
6.81732159730723,15.602370712316691,85.44,120,505,6733.333333333334,-352.36186772802375,2.5637129598788175,0,0,0.0,0.0,1.0,4,20250811_cycle_1
7.0406955774367574,14.850685463507629,89.64,128,505,6733.333333333334,-392.6455178455282,2.6934783649072234,0,0,0.0,0.0,1.0,5,20250703_cycle_3
6.3547230103493675,15.706079735237903,79.21333333333334,110,514,6853.333333333334,-316.85579602354795,2.546784472910618,0,0,0.0,0.0,1.0,6,20250821_cycle_1
6.005238273616268,16.488815724231134,73.11666666666666,108,474,6320.0,-262.27772087240237,2.4258867749500053,0,0,0.0,0.0,1.0,7,20250709_cycle_2
