avg_waiting_time,avg_speed,avg_queue_length,max_queue_length,completed_trips,avg_throughput,total_reward,travel_time_index,buses_processed,jeepneys_processed,pt_passenger_throughput,pt_avg_waiting,pt_service_efficiency,episode,scenario
8.157597802308524,14.95342638063326,101.32333333333334,146,486,3876.0116705557616,-328.60594289598,2.6749722091657526,0,0,0.0,0.0,1.0,1,20250815_cycle_1
6.954615083235858,16.19774651006762,84.08666666666667,130,479,3797.86071646907,-236.2507879533397,2.46947931770251,0,0,0.0,0.0,1.0,2,20250819_cycle_3
7.003353609010444,15.149115124805979,97.19333333333333,136,511,4086.3546112761646,-238.85433166634888,2.6404182469048534,0,0,0.0,0.0,1.0,3,20250701_cycle_1
7.2656225921579,15.583082287540364,86.95666666666666,131,510,4055.1076937983153,-251.186916325548,2.566886272042757,0,0,0.0,0.0,1.0,4,20250811_cycle_1
6.892676686569043,15.56360370478112,91.00666666666666,130,509,4112.011519415691,-239.77522854865114,2.570098851059286,0,0,0.0,0.0,1.0,5,20250703_cycle_3
6.770571208347763,15.696142532543309,83.34333333333333,117,504,4060.1208976711923,-228.14904310312548,2.548396838080868,0,0,0.0,0.0,1.0,6,20250821_cycle_1
6.688638601174264,16.122805261057657,76.87333333333333,113,475,3720.6510930716518,-204.1672853169915,2.4809578328539583,0,0,0.0,0.0,1.0,7,20250709_cycle_2
