avg_waiting_time,avg_speed,avg_queue_length,max_queue_length,completed_trips,avg_throughput,total_reward,travel_time_index,episode,scenario
61.78323124221852,6.383220565089894,218.72666666666666,293,50,1107.736017715645,-154.17350373911216,6.266429240869681,1,"Day 20250828, Cycle 1"
63.46800398971969,6.906831586911494,213.29333333333332,285,53,1160.272821714738,-154.71256685152017,5.791367502835938,2,"Day 20250828, Cycle 2"
62.74515305926622,6.8383676917814595,212.4,276,60,1060.2498378283224,-152.78953974936047,5.8493491141275005,3,"Day 20250828, Cycle 3"
